StockTickers,CompanyName
A,"Agilent Technologies, Inc."
AA,Alcoa Corporation
AAP,"Advance Auto Parts, Inc."
AAT,"American Assets Trust, Inc."
ABB,ABB Ltd
ABBV,AbbVie Inc.
ABEV,Ambev S.A.
ABG,"Asbury Automotive Group, Inc."
ABM,ABM Industries Incorporated
ABR,"Arbor Realty Trust, Inc."
ABT,Abbott Laboratories
AC,"Associated Capital Group, Inc."
ACA,"Arcosa, Inc."
ACB,Aurora Cannabis Inc.
ACC,"American Campus Communities, Inc."
ACCO,ACCO Brands Corporation
ACEL,"Accel Entertainment, Inc."
ACH,Aluminum Corporation of China Limited
ACM,AECOM
ACP,Aberdeen Income Credit Strategies Fund
ACRE,Ares Commercial Real Estate Corporation
ACV,AllianzGI Diversified Income & Convertible Fund
ADC,Agree Realty Corporation
ADM,Archer-Daniels-Midland Company
ADNT,Adient plc
ADS,Alliance Data Systems Corporation
ADSW,"Advanced Disposal Services, Inc."
ADT,ADT Inc.
ADX,"Adams Diversified Equity Fund, Inc."
AEE,Ameren Corporation
AEG,Aegon N.V.
AEL,American Equity Investment Life Holding Company
AEM,Agnico Eagle Mines Limited
AEP,"American Electric Power Company, Inc."
AER,AerCap Holdings N.V.
AES,The AES Corporation
AFB,AllianceBernstein National Municipal Income Fund
AFG,"American Financial Group, Inc."
AFI,"Armstrong Flooring, Inc."
AFL,Aflac Incorporated
AFT,Apollo Senior Floating Rate Fund Inc.
AGCO,AGCO Corporation
AGD,Aberdeen Global Dynamic Dividend Fund
AGI,Alamos Gold Inc.
AGM,Federal Agricultural Mortgage Corporation
AGM-A,Federal Agricultural Mortgage Corporation
AGO,Assured Guaranty Ltd.
AGR,"Avangrid, Inc."
AGRO,Adecoagro S.A.
AGS,"PlayAGS, Inc."
AGX,"Argan, Inc."
AHC,A.H. Belo Corporation
AHH,"Armada Hoffler Properties, Inc."
AHT,"Ashford Hospitality Trust, Inc."
AIF,Apollo Tactical Income Fund Inc.
AIN,Albany International Corp.
AIR,AAR Corp.
AIT,"Applied Industrial Technologies, Inc."
AIZ,"Assurant, Inc."
AIZP,"Assurant, Inc."
AJG,Arthur J. Gallagher & Co.
AJRD,"Aerojet Rocketdyne Holdings, Inc."
AJX,Great Ajax Corp.
AKR,Acadia Realty Trust
AKS,AK Steel Holding Corporation
AL,Air Lease Corporation
ALB,Albemarle Corporation
ALC,"Alcon, Inc."
ALEX,"Alexander & Baldwin, Inc."
ALG,Alamo Group Inc.
ALK,"Alaska Air Group, Inc."
ALL,The Allstate Corporation
ALLE,Allegion plc
ALLY,Ally Financial Inc.
ALSN,"Allison Transmission Holdings, Inc."
ALV,"Autoliv, Inc."
ALX,"Alexander's, Inc."
AM,Antero Midstream Corporation
AMC,"AMC Entertainment Holdings, Inc."
AMCR,Amcor plc
AME,"AMETEK, Inc."
AMG,"Affiliated Managers Group, Inc."
AMH,American Homes 4 Rent
AMK,"AssetMark Financial Holdings, Inc."
AMN,"AMN Healthcare Services, Inc."
AMOV,"America Movil, S.A.B. de C.V."
AMP,"Ameriprise Financial, Inc."
AMRC,"Ameresco, Inc."
AMRX,"Amneal Pharmaceuticals, Inc."
AMT,American Tower Corporation (REIT)
AMX,"America Movil, S.A.B. de C.V."
AN,"AutoNation, Inc."
ANET,"Arista Networks, Inc."
ANF,Abercrombie & Fitch Co.
ANH,Anworth Mortgage Asset Corporation
AOD,Aberdeen Total Dynamic Dividend Fund
AON,Aon plc
AOS,A. O. Smith Corporation
AP,Ampco-Pittsburgh Corporation
APA,Apache Corporation
APAM,Artisan Partners Asset Management Inc.
APD,"Air Products and Chemicals, Inc."
APHA,Aphria Inc.
APLE,"Apple Hospitality REIT, Inc."
APTS,"Preferred Apartment Communities, Inc."
APY,Apergy Corporation
AQN,Algonquin Power & Utilities Corp.
AQUA,Evoqua Water Technologies Corp.
AR,Antero Resources Corporation
ARA,"American Renal Associates Holdings, Inc."
ARC,"ARC Document Solutions, Inc."
ARCH,"Arch Coal, Inc."
ARCO,Arcos Dorados Holdings Inc.
ARD,Ardagh Group S.A.
ARDC,"Ares Dynamic Credit Allocation Fund, Inc."
ARE,"Alexandria Real Estate Equities, Inc."
ARES,Ares Management Corporation
ARGO,"Argo Group International Holdings, Ltd."
ARI,"Apollo Commercial Real Estate Finance, Inc."
ARL,"American Realty Investors, Inc."
ARLO,"Arlo Technologies, Inc."
ARMK,Aramark
ARNC,Arconic Inc.
AROC,"Archrock, Inc."
ARW,"Arrow Electronics, Inc."
ASB,Associated Banc-Corp
ASC,Ardmore Shipping Corporation
ASGN,ASGN Incorporated
ASH,Ashland Global Holdings Inc.
ASIX,AdvanSix Inc.
ASPN,"Aspen Aerogels, Inc."
ASR,"Grupo Aeroportuario del Sureste, S. A. B. de C. V."
ASX,"ASE Technology Holding Co., Ltd."
ATEN,"A10 Networks, Inc."
ATGE,Adtalem Global Education Inc.
ATH,Athene Holding Ltd.
ATHM,Autohome Inc.
ATKR,Atkore International Group Inc.
ATO,Atmos Energy Corporation
ATR,"AptarGroup, Inc."
ATTO,Atento S.A.
ATUS,"Altice USA, Inc."
AUY,Yamana Gold Inc.
AVA,Avista Corporation
AVAL,Grupo Aval Acciones y Valores S.A.
AVD,American Vanguard Corporation
AVH,Avianca Holdings S.A.
AVK,Advent Convertible and Income Fund
AVLR,"Avalara, Inc."
AVNS,"Avanos Medical, Inc."
AVTR,"Avantor, Inc."
AVX,AVX Corporation
AVY,Avery Dennison Corporation
AVYA,Avaya Holdings Corp.
AWF,AllianceBernstein Global High Income Fund
AWI,"Armstrong World Industries, Inc."
AWK,"American Water Works Company, Inc."
AWP,Aberdeen Global Premier Properties Fund
AWR,American States Water Company
AX,"Axos Financial, Inc."
AXE,Anixter International Inc.
AXL,"American Axle & Manufacturing Holdings, Inc."
AXP,American Express Company
AXR,AMREP Corporation
AXS,AXIS Capital Holdings Limited
AXTA,Axalta Coating Systems Ltd.
AYI,"Acuity Brands, Inc."
AYR,Aircastle Limited
AYX,"Alteryx, Inc."
AZN,AstraZeneca PLC
AZO,"AutoZone, Inc."
AZRE,Azure Power Global Limited
AZUL,Azul S.A.
AZZ,AZZ Inc.
B,Barnes Group Inc.
BA,The Boeing Company
BABA,Alibaba Group Holding Limited
BAC,Bank of America Corporation
BAF,BlackRock Municipal Income Investment Quality Trust
BAH,Booz Allen Hamilton Holding Corporation
BAK,Braskem S.A.
BANC,"Banc of California, Inc."
BAP,Credicorp Ltd.
BAX,Baxter International Inc.
BB,BlackBerry Limited
BBAR,Banco BBVA Argentina S.A.
BBDC,"Barings BDC, Inc."
BBDO,Banco Bradesco S.A.
BBF,BlackRock Municipal Income Investment Trust
BBK,BlackRock Municipal Bond Trust
BBN,BlackRock Taxable Municipal Bond Trust
BBU,Brookfield Business Partners L.P.
BBW,"Build-A-Bear Workshop, Inc."
BBX,BBX Capital Corporation
BBY,"Best Buy Co., Inc."
BC,Brunswick Corporation
BCC,Boise Cascade Company
BCEI,"Bonanza Creek Energy, Inc."
BCH,Banco de Chile
BCO,The Brink's Company
BCRH,Blue Capital Reinsurance Holdings Ltd.
BCS,Barclays PLC
BCSF,"Bain Capital Specialty Finance, Inc."
BCX,Blackrock Resources & Commodities Strategy Trust
BDC,Belden Inc.
BDJ,BlackRock Enhanced Equity Dividend Trust
BDX,"Becton, Dickinson and Company"
BE,Bloom Energy Corporation
BEDU,Bright Scholar Education Holdings Limited
BEN,"Franklin Resources, Inc."
BEP,Brookfield Renewable Partners L.P.
BERY,"Berry Global Group, Inc."
BEST,BEST Inc.
BFAM,Bright Horizons Family Solutions Inc.
BFK,BlackRock Municipal Income Trust
BFO,BlackRock Florida Municipal 2020 Term Trust
BFS,"Saul Centers, Inc."
BFY,BlackRock New York Municipal Income Trust II
BFZ,BlackRock California Municipal Income Trust
BG,Bunge Limited
BGB,Blackstone/GSO Strategic Credit Fund
BGG,Briggs & Stratton Corporation
BGIO,BlackRock 2022 Global Income Opportunity Trust
BGR,BlackRock Energy and Resources Trust
BGS,"B&G Foods, Inc."
BGSF,"BG Staffing, Inc."
BGT,BlackRock Floating Rate Income Trust
BGX,Blackstone / GSO Long-Short Credit Income Fund
BGY,BlackRock Enhanced International Dividend Trust
BH,Biglari Holdings Inc.
BHC,Bausch Health Companies Inc.
BHE,"Benchmark Electronics, Inc."
BHK,BlackRock Core Bond Trust
BHLB,"Berkshire Hills Bancorp, Inc."
BHP,BHP Group
BHV,BlackRock Virginia Municipal Bond Trust
BHVN,Biohaven Pharmaceutical Holding Company Ltd.
BIF,"Boulder Growth & Income Fund, Inc."
BIG,"Big Lots, Inc."
BIO,"Bio-Rad Laboratories, Inc."
BIP,Brookfield Infrastructure Partners L.P.
BIT,BlackRock Multi-Sector Income Trust
BITA,Bitauto Holdings Limited
BJ,"BJ's Wholesale Club Holdings, Inc."
BKD,Brookdale Senior Living Inc.
BKE,"The Buckle, Inc."
BKH,Black Hills Corporation
BKI,"Black Knight, Inc."
BKK,BlackRock Municipal 2020 Term Trust
BKN,BlackRock Investment Quality Municipal Trust Inc.
BKR,Baker Hughes Company
BKT,"BlackRock Income Trust, Inc."
BKU,"BankUnited, Inc."
BLD,TopBuild Corp.
BLE,BlackRock Municipal Income Trust II
BLK,"BlackRock, Inc."
BLL,Ball Corporation
BLW,BlackRock Limited Duration Income Trust
BLX,"Banco Latinoamericano de Comercio Exterior, S.A"
BMA,Banco Macro S.A.
BME,BlackRock Health Sciences Trust
BMI,"Badger Meter, Inc."
BMO,Bank of Montreal
BNED,"Barnes & Noble Education, Inc."
BNS,The Bank of Nova Scotia
BNY,BlackRock New York Municipal Income Trust
BOOT,"Boot Barn Holdings, Inc."
BOX,"Box, Inc."
BP,BP PLC
BPMP,BP Midstream Partners LP
BPT,BP Prudhoe Bay Royalty Trust
BQH,BlackRock New York Municipal Bond Trust
BR,"Broadridge Financial Solutions, Inc."
BRBR,"BellRing Brands, Inc."
BRC,Brady Corporation
BRFS,BRF S.A.
BRMK,Broadmark Realty Capital Inc.
BRO,"Brown & Brown, Inc."
BRPM,B. Riley Principal Merger Corp.
BRT,BRT Apartments Corp.
BRX,Brixmor Property Group Inc.
BSBR,Banco Santander (Brasil) S.A.
BSD,BlackRock Strategic Municipal Trust
BSE,BlackRock New York Municipal Income Quality Trust
BSIG,BrightSphere Investment Group Inc.
BSL,Blackstone/GSO Senior Floating Rate Term Fund
BSM,"Black Stone Minerals, L.P."
BSMX,"Banco Santander Mexico, S.A., Institucion de Banca Multiple, Grupo Financiero Santander Mexico"
BST,BlackRock Science and Technology Trust
BSTZ,BlackRock Science and Technology Trust II
BSX,Boston Scientific Corporation
BTA,BlackRock Long-Term Municipal Advantage Trust
BTE,Baytex Energy Corp.
BTI,British American Tobacco p.l.c.
BTU,Peabody Energy Corporation
BTZ,BlackRock Credit Allocation Income Trust
BUD,Anheuser-Busch InBev SA/NV
BUI,"BlackRock Utilities, Infrastructure & Power Opportunities Trust"
BURL,"Burlington Stores, Inc."
BV,"BrightView Holdings, Inc."
BVN,Compania de Minas Buenaventura S.A.A.
BWA,BorgWarner Inc.
BWG,Legg Mason BW Global Income Opportunities Fund Inc.
BWXT,"BWX Technologies, Inc."
BX,The Blackstone Group Inc.
BXG,Bluegreen Vacations Corporation
BXMT,"Blackstone Mortgage Trust, Inc."
BXMX,Nuveen S&P 500 Buy-Write Income Fund
BXP,"Boston Properties, Inc."
BXS,BancorpSouth Bank
BY,"Byline Bancorp, Inc."
BYD,Boyd Gaming Corporation
BYM,BlackRock Municipal Income Quality Trust
BZM,BlackRock Maryland Municipal Bond Trust
CAAP,Corporacion America Airports S.A.
CABO,"Cable One, Inc."
CADE,Cadence Bancorporation
CAE,CAE Inc.
CAF,"Morgan Stanley China A Share Fund, Inc."
CAG,"Conagra Brands, Inc."
CAI,"CAI International, Inc."
CAJ,Canon Inc.
CALX,"Calix, Inc."
CANG,Cango Inc.
CAPL,CrossAmerica Partners LP
CARS,Cars.com Inc.
CAT,Caterpillar Inc.
CBD,Companhia Brasileira de Distribuicao
CBH,AllianzGI Convertible & Income 2024 Target Term Fund
CBL,"CBL & Associates Properties, Inc."
CBPX,"Continental Building Products, Inc."
CBT,Cabot Corporation
CBU,"Community Bank System, Inc."
CBZ,"CBIZ, Inc."
CC,The Chemours Company
CCC,Clarivate Analytics Plc
CCEP,Coca-Cola European Partners plc
CCH,Collier Creek Holdings
CCI,Crown Castle International Corp. (REIT)
CCJ,Cameco Corporation
CCM,Concord Medical Services Holdings Limited
CCO,"Clear Channel Outdoor Holdings, Inc."
CCS,"Century Communities, Inc."
CCU,Compania Cervecerias Unidas S.A.
CCX,Churchill Capital Corp II
CDAY,Ceridian HCM Holding Inc.
CE,Celanese Corporation
CEA,China Eastern Airlines Corporation Limited
CEE,"The Central and Eastern Europe Fund, Inc."
CEIX,CONSOL Energy Inc.
CEL,Cellcom Israel Ltd.
CELP,"Cypress Energy Partners, L.P."
CEM,ClearBridge MLP and Midstream Fund Inc
CEN,Center Coast Brookfield MLP & Energy Infrastructure Fund
CEO,CNOOC Limited
CEPU,Central Puerto S.A.
CF,"CF Industries Holdings, Inc."
CFG,"Citizens Financial Group, Inc."
CFR,"Cullen/Frost Bankers, Inc."
CFX,Colfax Corporation
CGC,Canopy Growth Corporation
CHA,China Telecom Corporation Limited
CHAP,"Chaparral Energy, Inc."
CHCT,Community Healthcare Trust Incorporated
CHD,"Church & Dwight Co., Inc."
CHGG,"Chegg, Inc."
CHH,"Choice Hotels International, Inc."
CHK,Chesapeake Energy Corporation
CHKR,Chesapeake Granite Wash Trust
CHL,China Mobile Limited
CHMI,Cherry Hill Mortgage Investment Corporation
CHN,"The China Fund, Inc."
CHRA,"Charah Solutions, Inc."
CHS,"Chico's FAS, Inc."
CHU,China Unicom (Hong Kong) Limited
CHWY,"Chewy, Inc."
CI,Cigna Corporation
CIA,"Citizens, Inc."
CIG,Companhia Energetica de Minas Gerais
CII,"BlackRock Enhanced Capital and Income Fund, Inc."
CINR,Ciner Resources LP
CIO,"City Office REIT, Inc."
CIR,"CIRCOR International, Inc."
CIT,CIT Group Inc.
CKH,Seacor Holdings Inc.
CL,Colgate-Palmolive Company
CLB,Core Laboratories N.V.
CLDR,"Cloudera, Inc."
CLDT,Chatham Lodging Trust
CLGX,"CoreLogic, Inc."
CLH,"Clean Harbors, Inc."
CLNC,"Colony Credit Real Estate, Inc."
CLPR,Clipper Realty Inc.
CLR,"Continental Resources, Inc."
CLS,Celestica Inc.
CLW,Clearwater Paper Corporation
CLX,The Clorox Company
CM,Canadian Imperial Bank of Commerce
CMA,Comerica Incorporated
CMC,Commercial Metals Company
CMCM,Cheetah Mobile Inc.
CMD,Cantel Medical Corp.
CMG,"Chipotle Mexican Grill, Inc."
CMI,Cummins Inc.
CMP,"Compass Minerals International, Inc."
CMRE,Costamare Inc.
CMS,CMS Energy Corporation
CNA,CNA Financial Corporation
CNC,Centene Corporation
CNF,CNFinance Holdings Limited
CNHI,CNH Industrial N.V.
CNI,Canadian National Railway Company
CNK,"Cinemark Holdings, Inc."
CNNE,"Cannae Holdings, Inc."
CNO,"CNO Financial Group, Inc."
CNP,"CenterPoint Energy, Inc."
CNQ,Canadian Natural Resources Limited
CNR,"Cornerstone Building Brands, Inc."
CNS,"Cohen & Steers, Inc."
CNX,CNX Resources Corporation
CNXM,CNX Midstream Partners LP
CODI,Compass Diversified Holdings LLC
COE,China Online Education Group
COF,Capital One Financial Corporation
COG,Cabot Oil & Gas Corporation
COLD,Americold Realty Trust
COP,ConocoPhillips Company
COR,CoreSite Realty Corporation
COT,Cott Corporation
COTY,Coty Inc.
CP,Canadian Pacific Railway Limited
CPA,"Copa Holdings, S.A."
CPB,Campbell Soup Company
CPE,Callon Petroleum Company
CPG,Crescent Point Energy Corp.
CPK,Chesapeake Utilities Corporation
CPLG,CorePoint Lodging Inc.
CPRI,Capri Holdings Limited
CPS,Cooper-Standard Holdings Inc.
CPT,Camden Property Trust
CR,Crane Co.
CRCM,"Care.com, Inc."
CRH,CRH plc
CRI,"Carter's, Inc."
CRK,"Comstock Resources, Inc."
CRL,"Charles River Laboratories International, Inc."
CRS,Carpenter Technology Corporation
CRT,Cross Timbers Royalty Trust
CRY,"CryoLife, Inc."
CS,Credit Suisse Group AG
CSL,Carlisle Companies Incorporated
CSLT,"Castlight Health, Inc."
CSS,"CSS Industries, Inc."
CSTM,Constellium SE
CSU,Capital Senior Living Corporation
CSV,"Carriage Services, Inc."
CTB,Cooper Tire & Rubber Company
CTK,CooTek (Cayman) Inc.
CTLT,"Catalent, Inc."
CTR,ClearBridge MLP and Midstream Total Return Fund Inc
CTRA,"Contura Energy, Inc."
CTS,CTS Corporation
CTST,CannTrust Holdings Inc.
CTT,"CatchMark Timber Trust, Inc."
CTVA,"Corteva, Inc."
CUB,Cubic Corporation
CUBE,CubeSmart
CUBI,"Customers Bancorp, Inc."
CUK,Carnival Corporation & Plc
CULP,"Culp, Inc."
CURO,CURO Group Holdings Corp.
CVA,Covanta Holding Corporation
CVE,Cenovus Energy Inc.
CVEO,Civeo Corporation
CVI,"CVR Energy, Inc."
CVIA,Covia Holdings Corporation
CVNA,Carvana Co.
CVS,CVS Health Corporation
CW,Curtiss-Wright Corporation
CWEN,"Clearway Energy, Inc."
CWH,"Camping World Holdings, Inc."
CWK,Cushman & Wakefield plc
CWT,California Water Service Group
CX,"CEMEX, S.A.B. de C.V."
CXO,Concho Resources Inc.
CXP,"Columbia Property Trust, Inc."
CXW,"CoreCivic, Inc."
CYD,China Yuchai International Limited
CYH,"Community Health Systems, Inc."
CZZ,Cosan Limited
D,"Dominion Energy, Inc."
DAL,"Delta Air Lines, Inc."
DAN,Dana Incorporated
DAR,Darling Ingredients Inc.
DAVA,Endava plc
DB,Deutsche Bank Aktiengesellschaft
DBD,"Diebold Nixdorf, Incorporated"
DBL,DoubleLine Opportunistic Credit Fund
DCF,"BNY Mellon Alcentra Global Credit Income 2024 Target Term Fund, Inc."
DCI,"Donaldson Company, Inc."
DCO,Ducommun Incorporated
DCP,"DCP Midstream, LP"
DDF,"Delaware Investments Dividend and Income Fund, Inc."
DDT,Dillards Capital Trust I CAP SECS 7.5%
DE,Deere & Company
DEA,"Easterly Government Properties, Inc."
DECK,Deckers Outdoor Corporation
DEI,"Douglas Emmett, Inc."
DELL,Dell Technologies Inc.
DEX,Delaware Enhanced Global Dividend and Income Fund
DFIN,"Donnelley Financial Solutions, Inc."
DFP,Flaherty & Crumrine Dynamic Preferred and Income Fund Inc.
DFS,Discover Financial Services
DG,Dollar General Corporation
DGX,Quest Diagnostics Incorporated
DHF,BNY Mellon High Yield Strategies Fund
DHI,"D.R. Horton, Inc."
DHX,"DHI Group, Inc."
DIAX,Nuveen Dow 30 Dynamic Overwrite Fund
DIN,"Dine Brands Global, Inc."
DIS,The Walt Disney Company
DKL,"Delek Logistics Partners, LP"
DKS,"DICK'S Sporting Goods, Inc."
DL,China Distance Education Holdings Limited
DLB,"Dolby Laboratories, Inc."
DLNG,Dynagas LNG Partners LP
DLPH,Delphi Technologies PLC
DLR,"Digital Realty Trust, Inc."
DLX,Deluxe Corporation
DMB,"BNY Mellon Municipal Bond Infrastructure Fund, Inc."
DMO,Western Asset Mortgage Opportunity Fund Inc.
DNOW,NOW Inc.
DNP,DNP Select Income Fund Inc.
DO,"Diamond Offshore Drilling, Inc."
DOC,Physicians Realty Trust
DOOR,Masonite International Corporation
DOV,Dover Corporation
DOW,Dow Inc.
DPG,Duff & Phelps Utility and Infrastructure Fund Inc.
DPLO,"Diplomat Pharmacy, Inc."
DPZ,"Domino's Pizza, Inc."
DRH,DiamondRock Hospitality Company
DRI,"Darden Restaurants, Inc."
DRQ,"Dril-Quip, Inc."
DS,Drive Shack Inc.
DSE,Duff & Phelps Select MLP and Midstream Energy Fund
DSL,DoubleLine Income Solutions Fund
DSM,"BNY Mellon Strategic Municipal Bond Fund, Inc."
DSSI,Diamond S Shipping Inc.
DSX,Diana Shipping Inc.
DT,"Dynatrace, Inc."
DTE,DTE Energy Company
DTF,DTF Tax-Free Income Inc.
DUC,Duff & Phelps Utility and Corporate Bond Trust Inc.
DVA,DaVita Inc.
DXC,DXC Technology Company
DY,"Dycom Industries, Inc."
E,Eni S.p.A.
EAF,GrafTech International Ltd.
EARN,Ellington Residential Mortgage REIT
EAT,"Brinker International, Inc."
EB,"Eventbrite, Inc."
EBF,"Ennis, Inc."
EBR,Centrais Eletricas Brasileiras S.A. - Eletrobras
EBS,Emergent BioSolutions Inc.
EC,Ecopetrol S.A.
ECC,Eagle Point Credit Company Inc.
ECCB,Eagle Point Credit Company Inc.
ECL,Ecolab Inc.
ECOM,ChannelAdvisor Corporation
ECT,ECA Marcellus Trust I
ED,"Consolidated Edison, Inc."
EDD,"Morgan Stanley Emerging Markets Domestic Debt Fund, Inc."
EDF,Stone Harbor Emerging Markets Income Fund
EDI,Stone Harbor Emerging Markets Total Income Fund
EDN,Empresa Distribuidora y Comercializadora Norte Sociedad Anonima
EDU,New Oriental Education & Technology Group Inc.
EE,El Paso Electric Company
EEA,"The European Equity Fund, Inc."
EEX,"Emerald Expositions Events, Inc."
EFC,Ellington Financial Inc.
EFF,Eaton Vance Floating-Rate Income Plus Fund
EFL,Eaton Vance Floating-Rate 2022 Target Term Trust
EFR,Eaton Vance Senior Floating-Rate Trust
EFT,Eaton Vance Floating-Rate Income Trust
EFX,Equifax Inc.
EGF,"BlackRock Enhanced Government Fund, Inc."
EGIF,Eagle Growth & Income Opportunities Fund
EHC,Encompass Health Corporation
EHT,Eaton Vance High Income 2021 Target Term Trust
EIC,Eagle Point Income Company Inc.
EIG,"Employers Holdings, Inc."
EIX,Edison International
EL,The Estee Lauder Companies Inc.
ELAN,Elanco Animal Health Incorporated
ELF,"e.l.f. Beauty, Inc."
ELP,Companhia Paranaense de Energia - COPEL
ELS,"Equity LifeStyle Properties, Inc."
ELVT,"Elevate Credit, Inc."
ELY,Callaway Golf Company
EME,"EMCOR Group, Inc."
EMF,Templeton Emerging Markets Fund
EMN,Eastman Chemical Company
EMO,ClearBridge Energy Midstream Opportunity Fund Inc
EMR,Emerson Electric Co.
ENB,Enbridge Inc.
ENBL,"Enable Midstream Partners, LP"
ENIA,Enel Americas S.A.
ENIC,Enel Chile S.A.
ENLC,"EnLink Midstream, LLC"
ENR,"Energizer Holdings, Inc."
ENS,EnerSys
ENV,"Envestnet, Inc."
ENVA,"Enova International, Inc."
ENZ,"Enzo Biochem, Inc."
EOG,"EOG Resources, Inc."
EOI,Eaton Vance Enhanced Equity Income Fund
EOS,Eaton Vance Enhanced Equity Income Fund II
EOT,Eaton Vance National Municipal Opportunities Trust
EPAM,"EPAM Systems, Inc."
EPC,Edgewell Personal Care Company
EPD,Enterprise Products Partners L.P.
EPR,EPR Properties
EPRT,"Essential Properties Realty Trust, Inc."
EQM,"EQM Midstream Partners, LP"
EQNR,Equinor ASA
EQR,Equity Residential
EQS,"Equus Total Return, Inc."
EQT,EQT Corporation
ERA,Era Group Inc.
ERF,Enerplus Corporation
EROS,Eros International Plc
ES,Eversource Energy
ESI,Element Solutions Inc
ESNT,Essent Group Ltd.
ESRT,"Empire State Realty Trust, Inc."
ESS,"Essex Property Trust, Inc."
ESTC,Elastic N.V.
ET,Energy Transfer LP
ETB,Eaton Vance Tax-Managed Buy-Write Income Fund
ETG,Eaton Vance Tax-Advantaged Global Dividend Income Fund
ETH,Ethan Allen Interiors Inc.
ETJ,Eaton Vance Risk-Managed Diversified Equity Income Fund
ETM,Entercom Communications Corp.
ETO,Eaton Vance Tax-Advantaged Global Dividend Opportunities Fund
ETRN,Equitrans Midstream Corporation
ETV,Eaton Vance Tax-Managed Buy-Write Opportunities Fund
ETW,Eaton Vance Tax-Managed Global Buy-Write Opportunities Fund
ETX,Eaton Vance Municipal Income 2028 Term Trust
ETY,Eaton Vance Tax-Managed Diversified Equity Income Fund
EURN,Euronav NV
EV,Eaton Vance Corp.
EVA,"Enviva Partners, LP"
EVC,Entravision Communications Corporation
EVF,Eaton Vance Senior Income Trust
EVG,Eaton Vance Short Duration Diversified Income Fund
EVH,"Evolent Health, Inc."
EVN,Eaton Vance Municipal Income Trust
EVR,Evercore Inc.
EVRG,"Evergy, Inc."
EVRI,Everi Holdings Inc.
EVT,Eaton Vance Tax-Advantaged Dividend Income Fund
EVTC,"EVERTEC, Inc."
EW,Edwards Lifesciences Corporation
EXD,Eaton Vance Tax-Advantaged Bond and Option Strategies Fund
EXG,Eaton Vance Tax-Managed Global Diversified Equity Income Fund
EXK,Endeavour Silver Corp.
EXPR,"Express, Inc."
EXR,Extra Space Storage Inc.
EXTN,Exterran Corporation
FAF,First American Financial Corporation
FAM,First Trust/Aberdeen Global Opportunity Income Fund
FBHS,"Fortune Brands Home & Security, Inc."
FBK,FB Financial Corporation
FBM,"Foundation Building Materials, Inc."
FC,Franklin Covey Co.
FCAU,Fiat Chrysler Automobiles N.V.
FCF,First Commonwealth Financial Corporation
FCN,"FTI Consulting, Inc."
FCPT,"Four Corners Property Trust, Inc."
FCT,First Trust Senior Floating Rate Income Fund II
FCX,Freeport-McMoRan Inc.
FDEU,First Trust Dynamic Europe Equity Income Fund
FDP,Fresh Del Monte Produce Inc.
FDS,FactSet Research Systems Inc.
FE,FirstEnergy Corp.
FEDU,Four Seasons Education (Cayman) Inc.
FEI,First Trust MLP and Energy Income Fund
FENG,Phoenix New Media Limited
FEO,First Trust/Aberdeen Emerging Opportunity Fund
FET,"Forum Energy Technologies, Inc."
FF,FutureFuel Corp.
FFA,First Trust Enhanced Equity Income Fund
FFG,"FBL Financial Group, Inc."
FGB,First Trust Specialty Finance and Financial Opportunities Fund
FHN,First Horizon National Corporation
FI,Frank's International N.V.
FICO,Fair Isaac Corporation
FIF,First Trust Energy Infrastructure Fund
FII,"Federated Investors, Inc."
FINS,Angel Oak Financial Strategies Income Term Trust
FINV,FinVolution Group
FIS,"Fidelity National Information Services, Inc."
FIT,"Fitbit, Inc."
FIV,First Trust Senior Floating Rate 2022 Target Term Fund
FIX,"Comfort Systems USA, Inc."
FL,"Foot Locker, Inc."
FLC,Flaherty & Crumrine Total Return Fund Inc.
FLO,"Flowers Foods, Inc."
FLOW,"SPX FLOW, Inc."
FLR,Fluor Corporation
FLT,"FleetCor Technologies, Inc."
FMN,Federated Premier Municipal Income Fund
FMO,Fiduciary/Claymore Energy Infrastructure Fund
FMS,Fresenius Medical Care AG & Co. KGaA
FMX,"Fomento Economico Mexicano, S.A.B. de C.V."
FMY,First Trust Mortgage Income Fund
FN,Fabrinet
FNB,F.N.B. Corporation
FND,"Floor & Decor Holdings, Inc."
FNF,"Fidelity National Financial, Inc."
FNV,Franco-Nevada Corporation
FOE,Ferro Corporation
FOF,"Cohen & Steers Closed-End Opportunity Fund, Inc."
FOR,Forestar Group Inc.
FPAC,Far Point Acquisition Corporation
FPF,First Trust Intermediate Duration Preferred & Income Fund
FPH,"Five Point Holdings, LLC"
FPI,Farmland Partners Inc.
FPL,First Trust New Opportunities MLP & Energy Fund
FR,"First Industrial Realty Trust, Inc."
FRA,"BlackRock Floating Rate Income Strategies Fund, Inc."
FRC,First Republic Bank
FRT,Federal Realty Investment Trust
FSB,"Franklin Financial Network, Inc."
FSD,First Trust High Income Long/Short Fund
FSK,FS KKR Capital Corp.
FSLY,"Fastly, Inc."
FSM,Fortuna Silver Mines Inc.
FSS,Federal Signal Corporation
FT,Franklin Universal Trust
FTAI,Fortress Transportation and Infrastructure Investors LLC
FTCH,Farfetch Limited
FTI,TechnipFMC plc
FTK,"Flotek Industries, Inc."
FTS,Fortis Inc.
FTSI,"FTS International, Inc."
FTV,Fortive Corporation
FUL,H.B. Fuller Company
FUN,"Cedar Fair, L.P."
FVRR,Fiverr International Ltd.
G,Genpact Limited
GAB,The Gabelli Equity Trust Inc.
GAM,"General American Investors Company, Inc."
GATX,GATX Corporation
GBAB,Guggenheim Taxable Municipal Managed Duration Trust
GBL,"GAMCO Investors, Inc."
GBX,"The Greenbrier Companies, Inc."
GCAP,"GAIN Capital Holdings, Inc."
GCI,"Gannett Co., Inc."
GCO,Genesco Inc.
GCP,GCP Applied Technologies Inc.
GCV,The Gabelli Convertible and Income Securities Fund Inc.
GD,General Dynamics Corporation
GDDY,GoDaddy Inc.
GDI,"Gardner Denver Holdings, Inc."
GDL,The GDL Fund
GDO,Western Asset Global Corporate Defined Opportunity Fund Inc.
GDOT,Green Dot Corporation
GDV,The Gabelli Dividend & Income Trust
GE,General Electric Company
GEF,"Greif, Inc."
GEL,"Genesis Energy, L.P."
GEN,"Genesis Healthcare, Inc."
GER,Goldman Sachs MLP and Energy Renaissance Fund
GES,"Guess', Inc."
GF,"The New Germany Fund, Inc."
GFF,Griffon Corporation
GFI,Gold Fields Limited
GGB,Gerdau S.A.
GGG,Graco Inc.
GGM,Guggenheim Credit Allocation Fund
GGT,The Gabelli Multimedia Trust Inc.
GGZ,The Gabelli Global Small and Mid Cap Value Trust
GHC,Graham Holdings Company
GHG,GreenTree Hospitality Group Ltd.
GHL,"Greenhill & Co., Inc."
GHM,Graham Corporation
GHY,"PGIM Global High Yield Fund, Inc"
GIB,CGI Inc.
GIL,Gildan Activewear Inc.
GIM,Templeton Global Income Fund
GIS,"General Mills, Inc."
GIX,"GigCapital2, Inc."
GKOS,Glaukos Corporation
GL,Globe Life Inc.
GLOB,Globant S.A.
GLOG,GasLog Ltd.
GLOP,GasLog Partners LP
GLP,Global Partners LP
GLT,P. H. Glatfelter Company
GLW,Corning Incorporated
GM,General Motors Company
GMS,GMS Inc.
GMZ,Goldman Sachs MLP Income Opportunities Fund
GNC,"GNC Holdings, Inc."
GNE,Genie Energy Ltd.
GNRC,Generac Holdings Inc.
GNW,"Genworth Financial, Inc."
GOLF,Acushnet Holdings Corp.
GOOS,Canada Goose Holdings Inc.
GPC,Genuine Parts Company
GPI,"Group 1 Automotive, Inc."
GPM,Guggenheim Enhanced Equity Income Fund
GPMT,Granite Point Mortgage Trust Inc.
GPN,Global Payments Inc.
GPRK,GeoPark Limited
GPS,"The Gap, Inc."
GPX,GP Strategies Corporation
GRA,W. R. Grace & Co.
GRAF,Graf Industrial Corp.
GRAM,Grana y Montero S.A.A.
GRC,The Gorman-Rupp Company
GRUB,Grubhub Inc.
GRX,The Gabelli Healthcare & Wellness Trust
GS,"The Goldman Sachs Group, Inc."
GSAH,GS Acquisition Holdings Corp
GSBD,"Goldman Sachs BDC, Inc."
GSH,Guangshen Railway Company Limited
GTES,Gates Industrial Corporation plc
GTS,Triple-S Management Corporation
GTT,"GTT Communications, Inc."
GTX,Garrett Motion Inc.
GUT,The Gabelli Utility Trust
GVA,Granite Construction Incorporated
GWB,"Great Western Bancorp, Inc."
GWRE,"Guidewire Software, Inc."
GWW,"W.W. Grainger, Inc."
H,Hyatt Hotels Corporation
HAE,Haemonetics Corporation
HAL,Halliburton Company
HASI,"Hannon Armstrong Sustainable Infrastructure Capital, Inc."
HBB,Hamilton Beach Brands Holding Company
HBI,Hanesbrands Inc.
HBM,Hudbay Minerals Inc.
HCA,"HCA Healthcare, Inc."
HCC,"Warrior Met Coal, Inc."
HCHC,"HC2 Holdings, Inc."
HCI,"HCI Group, Inc."
HCR,Hi-Crush Inc.
HD,"The Home Depot, Inc."
HDB,HDFC Bank Limited
HEP,"Holly Energy Partners, L.P."
HEQ,John Hancock Hedged Equity & Income Fund
HESM,Hess Midstream LP
HFRO,Highland Funds I - Highland Income Fund
HGLB,Highland Global Allocation Fund
HGV,Hilton Grand Vacations Inc.
HHC,The Howard Hughes Corporation
HI,"Hillenbrand, Inc."
HIE,Miller/Howard High Income Equity Fund
HIG,"The Hartford Financial Services Group, Inc."
HII,"Huntington Ingalls Industries, Inc."
HIL,"Hill International, Inc."
HIW,"Highwoods Properties, Inc."
HKIB,AMTD International Inc.
HL,Hecla Mining Company
HLF,Herbalife Nutrition Ltd.
HLI,"Houlihan Lokey, Inc."
HMC,"Honda Motor Co., Ltd."
HMI,Huami Corporation
HMLP,Hoegh LNG Partners LP
HMN,Horace Mann Educators Corporation
HNI,HNI Corporation
HNP,"Huaneng Power International, Inc."
HOG,"Harley-Davidson, Inc."
HOME,At Home Group Inc.
HP,"Helmerich & Payne, Inc."
HPE,Hewlett Packard Enterprise Company
HPF,John Hancock Preferred Income Fund II
HPI,John Hancock Preferred Income Fund
HPP,"Hudson Pacific Properties, Inc."
HPQ,HP Inc.
HPR,HighPoint Resources Corporation
HPS,John Hancock Preferred Income Fund III
HR,Healthcare Realty Trust Incorporated
HRB,"H&R Block, Inc."
HRC,"Hill-Rom Holdings, Inc."
HRI,Herc Holdings Inc.
HRL,Hormel Foods Corporation
HRTG,"Heritage Insurance Holdings, Inc."
HSC,Harsco Corporation
HSY,The Hershey Company
HTD,John Hancock Tax-Advantaged Dividend Income Fund
HTGC,"Hercules Capital, Inc."
HTY,John Hancock Investments - John Hancock Tax-Advantaged Global Shareholder Yield Fund
HUBB,Hubbell Incorporated
HUBS,"HubSpot, Inc."
HUD,Hudson Ltd.
HUM,Humana Inc.
HUN,Huntsman Corporation
HUYA,HUYA Inc.
HVT,"Haverty Furniture Companies, Inc."
HY,"Hyster-Yale Materials Handling, Inc."
HYI,Western Asset High Yield Defined Opportunity Fund Inc.
HYT,"BlackRock Corporate High Yield Fund, Inc."
HZN,Horizon Global Corporation
HZO,"MarineMax, Inc."
I,Intelsat S.A.
IAA,"IAA, Inc."
IAG,IAMGOLD Corporation
IBA,"Industrias Bachoco, S.A.B. de C.V."
IBM,International Business Machines Corporation
IBN,ICICI Bank Limited
IBP,"Installed Building Products, Inc."
ICD,"Independence Contract Drilling, Inc."
ICE,"Intercontinental Exchange, Inc."
ICL,Israel Chemicals Ltd.
IDA,"IDACORP, Inc."
IEX,IDEX Corporation
IFF,International Flavors & Fragrances Inc.
IFN,"The India Fund, Inc."
IFS,Intercorp Financial Services Inc.
IGI,Western Asset Investment Grade Defined Opportunity Trust Inc.
IGR,CBRE Clarion Global Real Estate Income Fund
IGT,International Game Technology PLC
IHIT,Invesco High Income 2023 Target Term Fund
IHTA,Invesco High Income 2024 Target Term Fund
IIF,"Morgan Stanley India Investment Fund, Inc."
IIM,Invesco Value Municipal Income Trust
IIPR,"Innovative Industrial Properties, Inc."
IMAX,IMAX Corporation
INF,Brookfield Global Listed Infrastructure Income Fund Inc.
INFO,IHS Markit Ltd.
INFY,Infosys Limited
ING,ING Groep N.V.
INN,"Summit Hotel Properties, Inc."
INSP,"Inspire Medical Systems, Inc."
INST,"Instructure, Inc."
INSW,"International Seaways, Inc."
INVH,Invitation Homes Inc.
INXN,InterXion Holding N.V.
IP,International Paper Company
IPG,"The Interpublic Group of Companies, Inc."
IPHI,Inphi Corporation
IPI,"Intrepid Potash, Inc."
IQV,IQVIA Holdings Inc.
IRL,"The New Ireland Fund, Inc."
IRM,Iron Mountain Incorporated
IRS,IRSA Inversiones y Representaciones Sociedad Anonima
IRT,"Independence Realty Trust, Inc."
ISD,"PGIM High Yield Bond Fund, Inc"
ITT,ITT Inc.
ITW,Illinois Tool Works Inc.
IVC,Invacare Corporation
IVH,Ivy Funds - Ivy High Income Opportunities Fund
IVR,Invesco Mortgage Capital Inc.
IVZ,Invesco Ltd.
IX,ORIX Corporation
J,Jacobs Engineering Group Inc.
JAX,"J. Alexander's Holdings, Inc."
JBGS,JBG SMITH Properties
JBL,Jabil Inc.
JBT,John Bean Technologies Corporation
JCAP,"Jernigan Capital, Inc."
JCE,Nuveen Core Equity Alpha Fund
JCI,Johnson Controls International plc
JCO,Nuveen Credit Opportunities 2022 Target Term Fund
JCP,"J. C. Penney Company, Inc."
JDD,Nuveen Diversified Dividend and Income Fund
JE,Just Energy Group Inc.
JEF,Jefferies Financial Group Inc.
JELD,"JELD-WEN Holding, Inc."
JEMD,Nuveen Emerging Markets Debt 2022 Target Term Fund
JEQ,"Aberdeen Japan Equity Fund, Inc."
JFR,Nuveen Floating Rate Income Fund
JGH,Nuveen Global High Income Fund
JHAA,Nuveen High Income 2023 Target Term Fund
JHB,Nuveen High Income November 2021 Target Term Fund
JHG,Janus Henderson Group plc
JHI,John Hancock Investors Trust
JHS,John Hancock Income Securities Trust
JHY,Nuveen High Income 2020 Target Term Fund
JILL,"J.Jill, Inc."
JKS,"JinkoSolar Holding Co., Ltd."
JLL,Jones Lang LaSalle Incorporated
JLS,Nuveen Mortgage Opportunity Term Fund
JMF,Nuveen Energy MLP Total Return Fund
JMLP,Nuveen All Cap Energy MLP Opportunities Fund
JMP,JMP Group LLC
JNJ,Johnson & Johnson
JNPR,"Juniper Networks, Inc."
JOE,The St. Joe Company
JP,Jupai Holdings Limited
JPC,Nuveen Preferred & Income Opportunities Fund
JPI,Nuveen Preferred and Income Term Fund
JPS,Nuveen Preferred Securities Income Fund
JPT,Nuveen Preferred and Income 2022 Term Fund
JQC,Nuveen Credit Strategies Income Fund
JRI,Nuveen Real Asset Income and Growth Fund
JRO,Nuveen Floating Rate Income Opportunity Fund
JRS,Nuveen Real Estate Income Fund
JSD,Nuveen Short Duration Credit Opportunities Fund
JT,Jianpu Technology Inc.
JTA,Nuveen Tax-Advantaged Total Return Strategy Fund
JTD,Nuveen Tax-Advantaged Dividend Growth Fund
JWN,"Nordstrom, Inc."
K,Kellogg Company
KAI,Kadant Inc.
KAMN,Kaman Corporation
KAR,"KAR Auction Services, Inc."
KB,KB Financial Group Inc.
KBR,"KBR, Inc."
KDMN,"Kadmon Holdings, Inc."
KDP,Keurig Dr Pepper Inc.
KEN,Kenon Holdings Ltd.
KEP,Korea Electric Power Corporation
KEX,Kirby Corporation
KEY,KeyCorp
KEYS,"Keysight Technologies, Inc."
KFY,Korn Ferry
KIM,Kimco Realty Corporation
KIO,KKR Income Opportunities Fund
KKR,KKR & Co. Inc.
KL,Kirkland Lake Gold Ltd.
KMB,Kimberly-Clark Corporation
KMF,"Kayne Anderson Midstream/Energy Fund, Inc."
KMI,"Kinder Morgan, Inc."
KMPR,Kemper Corporation
KMT,Kennametal Inc.
KMX,"CarMax, Inc."
KN,Knowles Corporation
KNL,"Knoll, Inc."
KNOP,KNOT Offshore Partners LP
KNX,Knight-Swift Transportation Holdings Inc.
KO,The Coca-Cola Company
KODK,Eastman Kodak Company
KOF,"Coca-Cola FEMSA, S.A.B. de C.V."
KOP,Koppers Holdings Inc.
KOS,Kosmos Energy Ltd.
KR,The Kroger Co.
KRA,Kraton Corporation
KRC,Kilroy Realty Corporation
KREF,KKR Real Estate Finance Trust Inc.
KRO,"Kronos Worldwide, Inc."
KRP,"Kimbell Royalty Partners, LP"
KSS,Kohl's Corporation
KT,KT Corporation
KTB,"Kontoor Brands, Inc."
KTF,DWS Municipal Income Trust
KTP,Corts Trust for J.C. Penney Debentures
KW,"Kennedy-Wilson Holdings, Inc."
KWR,Quaker Chemical Corporation
KYN,Kayne Anderson MLP/Midstream Investment Company
L,Loews Corporation
LAD,"Lithia Motors, Inc."
LADR,Ladder Capital Corp
LAIX,LAIX Inc.
LAZ,Lazard Ltd
LB,"L Brands, Inc."
LBRT,Liberty Oilfield Services Inc.
LCI,"Lannett Company, Inc."
LDL,"Lydall, Inc."
LDOS,"Leidos Holdings, Inc."
LDP,"Cohen & Steers Limited Duration Preferred and Income Fund, Inc."
LEA,Lear Corporation
LEE,"Lee Enterprises, Incorporated"
LEG,"Leggett & Platt, Incorporated"
LEJU,Leju Holdings Limited
LEN,Lennar Corporation
LEO,"BNY Mellon Strategic Municipals, Inc."
LEVI,Levi Strauss & Co.
LFC,China Life Insurance Company Limited
LGC,Legacy Acquisition Corp.
LGI,"Lazard Global Total Return and Income Fund, Inc."
LHC,Leo Holdings Corp.
LII,Lennox International Inc.
LIN,Linde plc
LINX,Linx S.A.
LITB,"LightInTheBox Holding Co., Ltd."
LLY,Eli Lilly and Company
LM,"Legg Mason, Inc."
LMT,Lockheed Martin Corporation
LN,LINE Corporation
LNC,Lincoln National Corporation
LND,BrasilAgro - Companhia Brasileira de Propriedades Agricolas
LNN,Lindsay Corporation
LOMA,Loma Negra Compania Industrial Argentina Sociedad Anonima
LOW,"Lowe's Companies, Inc."
LPG,Dorian LPG Ltd.
LPI,"Laredo Petroleum, Inc."
LPL,"LG Display Co., Ltd."
LPT,Liberty Property Trust
LPX,Louisiana-Pacific Corporation
LRN,K12 Inc.
LSI,"Life Storage, Inc."
LTC,"LTC Properties, Inc."
LTHM,Livent Corporation
LUB,"Luby's, Inc."
LUV,Southwest Airlines Co.
LVS,Las Vegas Sands Corp.
LW,"Lamb Weston Holdings, Inc."
LXFR,Luxfer Holdings PLC
LXU,"LSB Industries, Inc."
LYB,LyondellBasell Industries N.V.
LYG,Lloyds Banking Group plc
LZB,La-Z-Boy Incorporated
MA,Mastercard Incorporated
MAA,"Mid-America Apartment Communities, Inc."
MAC,The Macerich Company
MAIN,Main Street Capital Corporation
MAN,ManpowerGroup Inc.
MANU,Manchester United plc
MAS,Masco Corporation
MAV,Pioneer Municipal High Income Advantage Trust
MAXR,Maxar Technologies Inc.
MBI,MBIA Inc.
MBT,Mobile TeleSystems Public Joint Stock Company
MC,Moelis & Company
MCA,"BlackRock MuniYield California Quality Fund, Inc."
MCB,Metropolitan Bank Holding Corp.
MCC,Medley Capital Corporation
MCD,McDonald's Corporation
MCR,MFS Charter Income Trust
MCS,The Marcus Corporation
MCY,Mercury General Corporation
MD,"MEDNAX, Inc."
MDC,"M.D.C. Holdings, Inc."
MDLA,"Medallia, Inc."
MDLY,Medley Management Inc.
MDP,Meredith Corporation
MDT,Medtronic plc
MDU,"MDU Resources Group, Inc."
MEC,"Mayville Engineering Company, Inc."
MEI,"Methode Electronics, Inc."
MEN,"BlackRock MuniEnhanced Fund, Inc."
MET,"MetLife, Inc."
MFC,Manulife Financial Corporation
MFD,Macquarie/First Trust Global Infrastructure/Utilities Dividend & Income Fund
MFG,"Mizuho Financial Group, Inc."
MFL,BlackRock MuniHoldings Investment Quality Fund
MFM,MFS Municipal Income Trust
MFT,BlackRock MuniYield Investment Quality Fund
MFV,MFS Special Value Trust
MG,"Mistras Group, Inc."
MGA,Magna International Inc.
MGF,MFS Government Markets Income Trust
MGM,MGM Resorts International
MGP,MGM Growth Properties LLC
MGU,Macquarie Global Infrastructure Total Return Fund Inc.
MGY,Magnolia Oil & Gas Corporation
MHD,"BlackRock MuniHoldings Fund, Inc."
MHE,BlackRock Massachusetts Tax-Exempt Trust
MHI,Pioneer Municipal High Income Trust
MHK,"Mohawk Industries, Inc."
MHN,"BlackRock MuniHoldings New York Quality Fund, Inc."
MHO,"M/I Homes, Inc."
MIC,Macquarie Infrastructure Corporation
MIE,"Cohen & Steers MLP Income and Energy Opportunity Fund, Inc."
MIN,MFS Intermediate Income Trust
MITT,"AG Mortgage Investment Trust, Inc."
MIXT,MiX Telematics Limited
MIY,"BlackRock MuniYield Michigan Quality Fund, Inc."
MKC,"McCormick & Company, Incorporated"
MKL,Markel Corporation
MLI,"Mueller Industries, Inc."
MLM,"Martin Marietta Materials, Inc."
MLP,"Maui Land & Pineapple Company, Inc."
MMC,"Marsh & McLennan Companies, Inc."
MMD,MainStay MacKay DefinedTerm Municipal Opportunities Fund
MMI,"Marcus & Millichap, Inc."
MMP,"Magellan Midstream Partners, L.P."
MMS,"MAXIMUS, Inc."
MMT,MFS Multimarket Income Trust
MN,"Manning & Napier, Inc."
MNE,"BlackRock Muni New York Intermediate Duration Fund, Inc."
MNK,Mallinckrodt plc
MNR,Monmouth Real Estate Investment Corporation
MNRL,"Brigham Minerals, Inc."
MO,"Altria Group, Inc."
MOD,Modine Manufacturing Company
MODN,"Model N, Inc."
MOGU,MOGU Inc.
MOH,"Molina Healthcare, Inc."
MOS,The Mosaic Company
MOV,"Movado Group, Inc."
MPA,BlackRock MuniYield Pennsylvania Quality Fund
MPC,Marathon Petroleum Corporation
MPLX,MPLX LP
MPW,"Medical Properties Trust, Inc."
MPX,Marine Products Corporation
MQT,"BlackRock MuniYield Quality Fund II, Inc."
MQY,"BlackRock MuniYield Quality Fund, Inc."
MRC,MRC Global Inc.
MRO,Marathon Oil Corporation
MSA,MSA Safety Incorporated
MSB,Mesabi Trust
MSC,Studio City International Holdings Limited
MSCI,MSCI Inc.
MSD,"Morgan Stanley Emerging Markets Debt Fund, Inc."
MSG,The Madison Square Garden Company
MSGN,MSG Networks Inc.
MSM,"MSC Industrial Direct Co., Inc."
MTD,Mettler-Toledo International Inc.
MTDR,Matador Resources Company
MTG,MGIC Investment Corporation
MTR,Mesa Royalty Trust
MTT,Western Asset Municipal Defined Opportunity Trust Inc.
MTX,Minerals Technologies Inc.
MTZ,"MasTec, Inc."
MUA,"BlackRock MuniAssets Fund, Inc."
MUC,"BlackRock MuniHoldings California Quality Fund, Inc."
MUE,"BlackRock MuniHoldings Quality Fund II, Inc."
MUH,"BlackRock MuniHoldings Fund II, Inc."
MUI,"BlackRock Muni Intermediate Duration Fund, Inc."
MUJ,"BlackRock MuniHoldings New Jersey Quality Fund, Inc."
MUR,Murphy Oil Corporation
MUS,"BlackRock MuniHoldings Quality Fund, Inc."
MUSA,Murphy USA Inc.
MUX,McEwen Mining Inc.
MVF,"BlackRock MuniVest Fund, Inc."
MVO,MV Oil Trust
MVT,"BlackRock MuniVest Fund II, Inc."
MWA,"Mueller Water Products, Inc."
MX,MagnaChip Semiconductor Corporation
MXE,Mexico Equity & Income Fund Inc.
MXF,"The Mexico Fund, Inc."
MXL,"MaxLinear, Inc."
MYC,"Blackrock MuniYield California Fund, Inc."
MYD,"BlackRock MuniYield Fund, Inc."
MYE,"Myers Industries, Inc."
MYF,BlackRock MuniYield Investment Fund
MYI,"BlackRock MuniYield Quality Fund III, Inc."
MYJ,"BlackRock MuniYield New Jersey Fund, Inc."
MYN,"BlackRock MuniYield New York Quality Fund, Inc."
MYOV,Myovant Sciences Ltd.
MZA,"BlackRock MuniYield Arizona Fund, Inc."
NAC,Nuveen California Quality Municipal Income Fund
NAD,Nuveen Quality Municipal Income Fund
NAN,Nuveen New York Quality Municipal Income Fund
NAT,Nordic American Tankers Limited
NAZ,Nuveen Arizona Quality Municipal Income Fund
NBB,Nuveen Taxable Municipal Income Fund
NBHC,National Bank Holdings Corporation
NC,"NACCO Industries, Inc."
NCA,"Nuveen California Municipal Value Fund, Inc."
NCB,Nuveen California Municipal Value Fund 2
NCLH,Norwegian Cruise Line Holdings Ltd.
NCR,NCR Corporation
NDP,"Tortoise Energy Independence Fund, Inc."
NE,Noble Corporation plc
NEA,Nuveen AMT-Free Quality Municipal Income Fund
NEM,Newmont Corporation
NEP,"NextEra Energy Partners, LP"
NET,"Cloudflare, Inc."
NEV,Nuveen Enhanced Municipal Value Fund
NEW,Puxin Limited
NEWR,"New Relic, Inc."
NEX,NexTier Oilfield Solutions Inc.
NFG,National Fuel Gas Company
NFJ,"AllianzGI NFJ Dividend, Interest & Premium Strategy Fund"
NGL,NGL Energy Partners LP
NGS,"Natural Gas Services Group, Inc."
NGVC,"Natural Grocers by Vitamin Cottage, Inc."
NGVT,Ingevity Corporation
NHA,Nuveen Municipal 2021 Target Term Fund
NHI,"National Health Investors, Inc."
NID,Nuveen Intermediate Duration Municipal Term Fund
NIM,Nuveen Select Maturities Municipal Fund
NINE,"Nine Energy Service, Inc."
NIO,NIO Limited
NJR,New Jersey Resources Corporation
NJV,Nuveen New Jersey Municipal Value Fund
NKE,"NIKE, Inc."
NKG,Nuveen Georgia Quality Municipal Income Fund
NKX,Nuveen California AMT-Free Quality Municipal Income Fund
NLSN,Nielsen Holdings plc
NLY,"Annaly Capital Management, Inc."
NMCO,Nuveen Municipal Credit Opportunities Fund
NMFC,New Mountain Finance Corporation
NMI,"Nuveen Municipal Income Fund, Inc."
NMR,"Nomura Holdings, Inc."
NMS,Nuveen Minnesota Quality Municipal Income Fund
NMT,Nuveen Massachusetts Quality Municipal Income Fund
NMY,Nuveen Maryland Quality Municipal Income Fund
NMZ,Nuveen Municipal High Income Opportunity Fund
NNI,"Nelnet, Inc."
NNY,"Nuveen New York Municipal Value Fund, Inc."
NOA,North American Construction Group Ltd.
NOAH,Noah Holdings Limited
NOC,Northrop Grumman Corporation
NOK,Nokia Corporation
NOM,Nuveen Missouri Quality Municipal Income Fund
NOMD,Nomad Foods Limited
NOV,"National Oilwell Varco, Inc."
NOVA,Sunnova Energy International Inc.
NOW,"ServiceNow, Inc."
NP,"Neenah, Inc."
NPK,"National Presto Industries, Inc."
NPN,Nuveen Pennsylvania Municipal Value Fund
NPO,"EnPro Industries, Inc."
NPTN,NeoPhotonics Corporation
NPV,Nuveen Virginia Quality Municipal Income Fund
NQP,Nuveen Pennsylvania Quality Municipal Income Fund
NRG,"NRG Energy, Inc."
NRGX,PIMCO Energy and Tactical Credit Opportunities Fund
NRK,Nuveen New York AMT-Free Quality Municipal Income Fund
NRT,North European Oil Royalty Trust
NS,NuStar Energy L.P.
NSA,National Storage Affiliates Trust
NSC,Norfolk Southern Corporation
NSL,Nuveen Senior Income Fund
NTG,"Tortoise Midstream Energy Fund, Inc."
NTR,Nutrien Ltd.
NTX,Nuveen Texas Quality Municipal Income Fund
NUE,Nucor Corporation
NUM,Nuveen Michigan Quality Municipal Income Fund
NUO,Nuveen Ohio Quality Municipal Income Fund
NUS,"Nu Skin Enterprises, Inc."
NUV,"Nuveen Municipal Value Fund, Inc."
NUW,Nuveen AMT-Free Municipal Value Fund
NVG,Nuveen AMT-Free Municipal Credit Income Fund
NVO,Novo Nordisk A/S
NVR,"NVR, Inc."
NVRO,Nevro Corp.
NVS,Novartis AG
NVST,Envista Holdings Corporation
NVT,nVent Electric plc
NVTA,Invitae Corporation
NWE,NorthWestern Corporation
NWHM,The New Home Company Inc.
NWN,Northwest Natural Holding Company
NX,Quanex Building Products Corporation
NXC,Nuveen California Select Tax-Free Income Portfolio
NXJ,Nuveen New Jersey Quality Municipal Income Fund
NXN,Nuveen New York Select Tax-Free Income Portfolio
NXP,Nuveen Select Tax-Free Income Portfolio
NXQ,Nuveen Select Tax-Free Income Portfolio 2
NXR,Nuveen Select Tax-Free Income Portfolio 3
NXRT,"NexPoint Residential Trust, Inc."
NYCB,"New York Community Bancorp, Inc."
NYT,The New York Times Company
NYV,Nuveen New York Municipal Value Fund 2
NZF,Nuveen Municipal Credit Income Fund
O,Realty Income Corporation
OAC,Oaktree Acquisition Corp.
OC,Owens Corning
ODC,Oil-Dri Corporation of America
OEC,Orion Engineered Carbons S.A.
OFG,OFG Bancorp
OGE,OGE Energy Corp.
OGS,"ONE Gas, Inc."
OHI,"Omega Healthcare Investors, Inc."
OI,"O-I Glass, Inc."
OIA,Invesco Municipal Income Opportunities Trust
OII,"Oceaneering International, Inc."
OIS,"Oil States International, Inc."
OLN,Olin Corporation
OLP,"One Liberty Properties, Inc."
OMF,"OneMain Holdings, Inc."
OMN,OMNOVA Solutions Inc.
ONDK,"On Deck Capital, Inc."
ONE,OneSmart International Education Group Limited
OOMA,"Ooma, Inc."
OPP,"RiverNorth/DoubleLine Strategic Opportunity Fund, Inc."
OR,Osisko Gold Royalties Ltd
ORA,"Ormat Technologies, Inc."
ORC,"Orchid Island Capital, Inc."
ORCC,Owl Rock Capital Corporation
ORCL,Oracle Corporation
ORI,Old Republic International Corporation
ORN,"Orion Group Holdings, Inc."
OSK,Oshkosh Corporation
OVV,Ovintiv Inc.
OXM,"Oxford Industries, Inc."
OXY,Occidental Petroleum Corporation
PAA,"Plains All American Pipeline, L.P."
PAC,"Grupo Aeroportuario del Pacifico, S.A.B. de C.V."
PACK,Ranpak Holdings Corp.
PAG,"Penske Automotive Group, Inc."
PAGS,PagSeguro Digital Ltd.
PAM,Pampa Energia S.A.
PANW,"Palo Alto Networks, Inc."
PAR,PAR Technology Corporation
PAYC,"Paycom Software, Inc."
PB,"Prosperity Bancshares, Inc."
PBA,Pembina Pipeline Corporation
PBF,PBF Energy Inc.
PBFX,PBF Logistics LP
PBH,Prestige Consumer Healthcare Inc.
PBI,Pitney Bowes Inc.
PBR,Petroleo Brasileiro S.A. - Petrobras
PBT,Permian Basin Royalty Trust
PCF,High Income Securities Fund
PCG,PG&E Corporation
PCI,PIMCO Dynamic Credit and Mortgage Income Fund
PCK,PIMCO California Municipal Income Fund II
PCM,PCM Fund Inc.
PCN,PIMCO Corporate & Income Strategy Fund
PCQ,PIMCO California Municipal Income Fund
PD,"PagerDuty, Inc."
PDM,"Piedmont Office Realty Trust, Inc."
PDS,Precision Drilling Corporation
PDT,John Hancock Premium Dividend Fund
PE,"Parsley Energy, Inc."
PEB,Pebblebrook Hotel Trust
PEI,Pennsylvania Real Estate Investment Trust
PEN,"Penumbra, Inc."
PEO,"Adams Natural Resources Fund, Inc."
PER,SandRidge Permian Trust
PFD,Flaherty & Crumrine Preferred Income Fund Inc.
PFE,Pfizer Inc.
PFGC,Performance Food Group Company
PFL,PIMCO Income Strategy Fund
PFN,PIMCO Income Strategy Fund II
PFO,Flaherty & Crumrine Preferred Income Opportunity Fund Inc.
PFS,"Provident Financial Services, Inc."
PFSI,"PennyMac Financial Services, Inc."
PG,The Procter & Gamble Company
PGP,PIMCO Global StocksPLUS & Income Fund
PGR,The Progressive Corporation
PGRE,"Paramount Group, Inc."
PGTI,"PGT Innovations, Inc."
PGZ,Principal Real Estate Income Fund
PH,Parker-Hannifin Corporation
PHD,Pioneer Floating Rate Trust
PHI,PLDT Inc.
PHK,PIMCO High Income Fund
PHR,"Phreesia, Inc."
PHT,Pioneer High Income Trust
PHX,Panhandle Oil and Gas Inc.
PII,Polaris Inc.
PIM,Putnam Master Intermediate Income Trust
PING,Ping Identity Holding Corp.
PINS,"Pinterest, Inc."
PIPR,Piper Sandler Companies
PJT,PJT Partners Inc.
PK,Park Hotels & Resorts Inc.
PKD,Parker Drilling Company
PKE,Park Aerospace Corp.
PKG,Packaging Corporation of America
PKO,PIMCO Income Opportunity Fund
PKX,POSCO
PLAN,"Anaplan, Inc."
PLD,"Prologis, Inc."
PLNT,"Planet Fitness, Inc."
PLOW,"Douglas Dynamics, Inc."
PM,Philip Morris International Inc.
PMF,PIMCO Municipal Income Fund
PML,PIMCO Municipal Income Fund II
PMM,Putnam Managed Municipal Income Trust
PMO,Putnam Municipal Opportunities Trust
PMT,PennyMac Mortgage Investment Trust
PMX,PIMCO Municipal Income Fund III
PNC,"The PNC Financial Services Group, Inc."
PNF,PIMCO New York Municipal Income Fund
PNI,PIMCO New York Municipal Income Fund II
PNM,"PNM Resources, Inc."
POR,Portland General Electric Company
POST,"Post Holdings, Inc."
PPG,"PPG Industries, Inc."
PPT,Putnam Premier Income Trust
PQG,PQ Group Holdings Inc.
PRGO,Perrigo Company plc
PRI,"Primerica, Inc."
PRLB,"Proto Labs, Inc."
PRO,"PROS Holdings, Inc."
PROS,"ProSight Global, Inc."
PRSP,Perspecta Inc.
PRT,PermRock Royalty Trust
PRTY,Party City Holdco Inc.
PRU,"Prudential Financial, Inc."
PSA,Public Storage
PSB,"PS Business Parks, Inc."
PSF,"Cohen & Steers Select Preferred and Income Fund, Inc."
PSN,Parsons Corporation
PSO,Pearson plc
PSTG,"Pure Storage, Inc."
PSTL,"Postal Realty Trust, Inc."
PSV,Hermitage Offshore Services Ltd.
PSX,Phillips 66
PSXP,Phillips 66 Partners LP
PTR,PetroChina Company Limited
PTY,PIMCO Corporate & Income Opportunity Fund
PUK,Prudential plc
PUMP,ProPetro Holding Corp.
PVG,Pretium Resources Inc.
PVH,PVH Corp.
PWR,"Quanta Services, Inc."
PYN,PIMCO New York Municipal Income Fund III
PZC,PIMCO California Municipal Income Fund III
PZN,"Pzena Investment Management, Inc"
QD,Qudian Inc.
QEP,"QEP Resources, Inc."
QES,Quintana Energy Services Inc.
QHC,Quorum Health Corporation
QSR,Restaurant Brands International Inc.
QTS,"QTS Realty Trust, Inc."
QTWO,"Q2 Holdings, Inc."
QUAD,"Quad/Graphics, Inc."
R,"Ryder System, Inc."
RA,Brookfield Real Assets Income Fund Inc.
RAMP,"LiveRamp Holdings, Inc."
RBA,Ritchie Bros. Auctioneers Incorporated
RBC,Regal Beloit Corporation
RBS,The Royal Bank of Scotland Group plc
RC,Ready Capital Corporation
RCL,Royal Caribbean Cruises Ltd.
RCS,"PIMCO Strategic Income Fund, Inc."
RCUS,"Arcus Biosciences, Inc."
RDY,Dr. Reddy's Laboratories Limited
RES,"RPC, Inc."
REVG,"REV Group, Inc."
REXR,"Rexford Industrial Realty, Inc."
REZI,"Resideo Technologies, Inc."
RF,Regions Financial Corporation
RFI,"Cohen & Steers Total Return Realty Fund, Inc."
RFL,"Rafael Holdings, Inc."
RGR,"Sturm, Ruger & Company, Inc."
RGS,Regis Corporation
RGT,"Royce Global Value Trust, Inc."
RH,RH
RIV,"RiverNorth Opportunities Fund, Inc."
RLGY,Realogy Holdings Corp.
RLI,RLI Corp.
RLJ,RLJ Lodging Trust
RM,Regional Management Corp.
RMAX,"RE/MAX Holdings, Inc."
RMD,ResMed Inc.
RMED,"Ra Medical Systems, Inc."
RMG,RMG Acquisition Corp.
RMI,"RiverNorth Opportunistic Municipal Income Fund, Inc."
RMM,Rivernorth Managed Duration Municipal Income Fund Inc.
RMT,"Royce Micro-Cap Trust, Inc."
RNG,"RingCentral, Inc."
RNGR,"Ranger Energy Services, Inc."
RNP,"Cohen & Steers REIT and Preferred Income Fund, Inc."
RNR,RenaissanceRe Holdings Ltd.
ROG,Rogers Corporation
ROK,"Rockwell Automation, Inc."
ROL,"Rollins, Inc."
ROP,"Roper Technologies, Inc."
ROYT,Pacific Coast Oil Trust
RPAI,"Retail Properties of America, Inc."
RPLA,Replay Acquisition Corp.
RPM,RPM International Inc.
RQI,"Cohen& Steers Quality Income Realty Fund, Inc."
RRTS,"Roadrunner Transportation Systems, Inc."
RS,Reliance Steel & Aluminum Co.
RSG,"Republic Services, Inc."
RST,Rosetta Stone Inc.
RTN,Raytheon Company
RUBI,"the Rubicon Project, Inc."
RVI,Retail Value Inc.
RVLV,"Revolve Group, Inc."
RVT,Royce Value Trust Inc.
RWT,"Redwood Trust, Inc."
RXN,Rexnord Corporation
RY,Royal Bank of Canada
RYAM,Rayonier Advanced Materials Inc.
RYB,"RYB Education, Inc."
RYCE,Amira Nature Foods Ltd.
RYI,Ryerson Holding Corporation
RYN,Rayonier Inc.
S,Sprint Corporation
SAFE,Safehold Inc.
SAH,"Sonic Automotive, Inc."
SAIC,Science Applications International Corporation
SAIL,"SailPoint Technologies Holdings, Inc."
SAM,"The Boston Beer Company, Inc."
SAP,SAP SE
SAVE,"Spirit Airlines, Inc."
SB,"Safe Bulkers, Inc."
SBE,Switchback Energy Acquisition Corporation
SBGL,Sibanye Gold Limited
SBH,"Sally Beauty Holdings, Inc."
SBOW,"SilverBow Resources, Inc."
SBR,Sabine Royalty Trust
SBS,Companhia de Saneamento Basico do Estado de Sao Paulo - SABESP
SC,Santander Consumer USA Holdings Inc.
SCCO,Southern Copper Corporation
SCD,LMP Capital and Income Fund Inc.
SCHW,The Charles Schwab Corporation
SCI,Service Corporation International
SCL,Stepan Company
SCM,Stellus Capital Investment Corporation
SCS,Steelcase Inc.
SCX,The L.S. Starrett Company
SD,"SandRidge Energy, Inc."
SDRL,Seadrill Limited
SE,Sea Limited
SEAS,"SeaWorld Entertainment, Inc."
SEM,Select Medical Holdings Corporation
SERV,"ServiceMaster Global Holdings, Inc."
SF,Stifel Financial Corp.
SFL,SFL Corporation Ltd.
SGU,"Star Group, L.P."
SHAK,Shake Shack Inc.
SHG,"Shinhan Financial Group Co., Ltd."
SHLL,Tortoise Acquisition Corp.
SHLX,"Shell Midstream Partners, L.P."
SHO,"Sunstone Hotel Investors, Inc."
SHOP,Shopify Inc.
SHW,The Sherwin-Williams Company
SI,Silvergate Capital Corporation
SID,Companhia Siderurgica Nacional
SITE,"SiteOne Landscape Supply, Inc."
SIX,Six Flags Entertainment Corporation
SJI,"South Jersey Industries, Inc."
SJR,Shaw Communications Inc.
SJT,San Juan Basin Royalty Trust
SJW,SJW Group
SKT,"Tanger Factory Outlet Centers, Inc."
SKX,"Skechers U.S.A., Inc."
SKY,Skyline Champion Corporation
SLB,Schlumberger Limited
SLCA,"U.S. Silica Holdings, Inc."
SLF,Sun Life Financial Inc.
SLG,SL Green Realty Corp.
SM,SM Energy Company
SMAR,Smartsheet Inc.
SMG,The Scotts Miracle-Gro Company
SMHI,SEACOR Marine Holdings Inc.
SMLP,"Summit Midstream Partners, LP"
SMP,"Standard Motor Products, Inc."
SNA,Snap-on Incorporated
SNAP,Snap Inc.
SNE,Sony Corporation
SNP,China Petroleum & Chemical Corporation
SNR,New Senior Investment Group Inc.
SNX,SYNNEX Corporation
SO,The Southern Company
SOGO,Sogou Inc.
SOI,"Solaris Oilfield Infrastructure, Inc."
SON,Sonoco Products Company
SOR,"Source Capital, Inc."
SPB,"Spectrum Brands Holdings, Inc."
SPE,"Special Opportunities Fund, Inc."
SPH,"Suburban Propane Partners, L.P."
SPLP,Steel Partners Holdings L.P.
SPOT,Spotify Technology S.A.
SPR,"Spirit AeroSystems Holdings, Inc."
SPXC,SPX Corporation
SPXX,Nuveen S&P 500 Dynamic Overwrite Fund
SQ,"Square, Inc."
SQM,Sociedad Quimica y Minera de Chile S.A.
SRE,Sempra Energy
SRF,The Cushing Energy Income Fund
SRG,Seritage Growth Properties
SRI,"Stoneridge, Inc."
SRLP,Sprague Resources LP
SRT,"StarTek, Inc."
SSD,"Simpson Manufacturing Co., Inc."
SSI,"Stage Stores, Inc."
SSTK,"Shutterstock, Inc."
SSW,Seaspan Corporation
ST,Sensata Technologies Holding plc
STAG,"STAG Industrial, Inc."
STC,Stewart Information Services Corporation
STG,Sunlands Technology Group
STK,Columbia Seligman Premium Technology Growth Fund
STON,StoneMor Inc.
STOR,STORE Capital Corporation
STWD,"Starwood Property Trust, Inc."
SU,Suncor Energy Inc.
SUI,"Sun Communities, Inc."
SUM,"Summit Materials, Inc."
SUN,Sunoco LP
SUP,"Superior Industries International, Inc."
SUPV,Grupo Supervielle S.A.
SWCH,"Switch, Inc."
SWI,SolarWinds Corporation
SWK,"Stanley Black & Decker, Inc."
SWM,"Schweitzer-Mauduit International, Inc."
SWN,Southwestern Energy Company
SWX,"Southwest Gas Holdings, Inc."
SWZ,The Swiss Helvetia Fund Inc.
SXC,"SunCoke Energy, Inc."
SXI,Standex International Corporation
SXT,Sensient Technologies Corporation
SYF,Synchrony Financial
SYK,Stryker Corporation
SYY,Sysco Corporation
SZC,The Cushing Renaissance Fund
T,AT&T Inc.
TAC,TransAlta Corporation
TAL,TAL Education Group
TALO,Talos Energy Inc.
TARO,Taro Pharmaceutical Industries Ltd.
TCO,"Taubman Centers, Inc."
TCP,"TC PipeLines, LP"
TCS,"The Container Store Group, Inc."
TD,The Toronto-Dominion Bank
TDC,Teradata Corporation
TDF,"Templeton Dragon Fund, Inc."
TDG,TransDigm Group Incorporated
TDOC,"Teladoc Health, Inc."
TDW,Tidewater Inc.
TDY,Teledyne Technologies Incorporated
TEAF,Tortoise Essential Assets Income Term Fund
TECK,Teck Resources Limited
TEI,Templeton Emerging Markets Income Fund
TEN,Tenneco Inc.
TEO,Telecom Argentina S.A.
TEVA,Teva Pharmaceutical Industries Limited
TFX,Teleflex Incorporated
TG,Tredegar Corporation
TGE,"Tallgrass Energy, LP"
TGH,Textainer Group Holdings Limited
TGI,"Triumph Group, Inc."
TGP,Teekay LNG Partners L.P.
TGS,Transportadora de Gas del Sur S.A.
THO,"Thor Industries, Inc."
THQ,Tekla Healthcare Opportunities Fund
THR,"Thermon Group Holdings, Inc."
THS,"TreeHouse Foods, Inc."
THW,Tekla World Healthcare Fund
TIF,Tiffany & Co.
TISI,"Team, Inc."
TJX,"The TJX Companies, Inc."
TKR,The Timken Company
TLK,Perusahaan Perseroan (Persero) PT Telekomunikasi Indonesia Tbk
TLRA,"Telaria, Inc."
TLRD,"Tailored Brands, Inc."
TLYS,"Tilly's, Inc."
TM,Toyota Motor Corporation
TMO,Thermo Fisher Scientific Inc.
TMST,TimkenSteel Corporation
TNC,Tennant Company
TNET,"TriNet Group, Inc."
TNP,Tsakos Energy Navigation Limited
TOL,"Toll Brothers, Inc."
TOT,TOTAL S.A.
TPB,"Turning Point Brands, Inc."
TPH,"TRI Pointe Group, Inc."
TPL,Texas Pacific Land Trust
TPRE,Third Point Reinsurance Ltd.
TPVG,TriplePoint Venture Growth BDC Corp.
TPX,"Tempur Sealy International, Inc."
TPZ,"Tortoise Power and Energy Infrastructure Fund, Inc."
TR,"Tootsie Roll Industries, Inc."
TRC,Tejon Ranch Co.
TREX,"Trex Company, Inc."
TRGP,Targa Resources Corp.
TRN,"Trinity Industries, Inc."
TRNE,Trine Acquisition Corp.
TRNO,Terreno Realty Corporation
TROX,Tronox Holdings plc
TRP,TC Energy Corporation
TRTN,Triton International Limited
TRTX,"TPG RE Finance Trust, Inc."
TRU,TransUnion
TRWH,"Twin River Worldwide Holdings, Inc."
TS,Tenaris S.A.
TSE,Trinseo S.A.
TSI,"TCW Strategic Income Fund, Inc."
TSLF,THL Credit Senior Loan Fund
TSLX,"TPG Specialty Lending, Inc."
TSM,Taiwan Semiconductor Manufacturing Company Limited
TSN,"Tyson Foods, Inc."
TSQ,"Townsquare Media, Inc."
TTC,The Toro Company
TTI,"TETRA Technologies, Inc."
TTM,Tata Motors Limited
TTP,"Tortoise Pipeline & Energy Fund, Inc."
TUFN,Tufin Software Technologies Ltd.
TUP,Tupperware Brands Corporation
TV,"Grupo Televisa, S.A.B."
TWI,"Titan International, Inc."
TWLO,Twilio Inc.
TWN,"The Taiwan Fund, Inc."
TWTR,"Twitter, Inc."
TX,Ternium S.A.
TXT,Textron Inc.
TY,Tri-Continental Corporation
TYG,Tortoise Energy Infrastructure Corporation
UA,"Under Armour, Inc."
UAA,"Under Armour, Inc."
UAN,"CVR Partners, LP"
UBA,Urstadt Biddle Properties Inc.
UBER,"Uber Technologies, Inc."
UBS,UBS Group AG
UDR,"UDR, Inc."
UE,Urban Edge Properties
UGI,UGI Corporation
UGP,Ultrapar Participacoes S.A.
UHS,"Universal Health Services, Inc."
UHT,Universal Health Realty Income Trust
UMH,"UMH Properties, Inc."
UNFI,"United Natural Foods, Inc."
UNM,Unum Group
UNP,Union Pacific Corporation
UNT,Unit Corporation
UNVR,Univar Solutions Inc.
UPS,"United Parcel Service, Inc."
URI,"United Rentals, Inc."
USAC,"USA Compression Partners, LP"
USDP,USD Partners LP
USFD,US Foods Holding Corp.
USM,United States Cellular Corporation
USNA,"USANA Health Sciences, Inc."
USPH,"U.S. Physical Therapy, Inc."
USX,"U.S. Xpress Enterprises, Inc."
UTF,"Cohen & Steers Infrastructure Fund, Inc"
UTI,"Universal Technical Institute, Inc."
UTL,Unitil Corporation
UTX,United Technologies Corporation
UVV,Universal Corporation
V,Visa Inc.
VAC,Marriott Vacations Worldwide Corporation
VAM,Vivaldi Opportunities Fund
VAPO,"Vapotherm, Inc."
VBF,Invesco Bond Fund
VCRA,"Vocera Communications, Inc."
VCV,Invesco California Value Municipal Income Trust
VEC,"Vectrus, Inc."
VEEV,Veeva Systems Inc.
VET,Vermilion Energy Inc.
VFC,V.F. Corporation
VGI,Virtus Global Multi-Sector Income Fund
VGM,Invesco Trust for Investment Grade Municipals
VHI,"Valhi, Inc."
VICI,VICI Properties Inc.
VIPS,Vipshop Holdings Limited
VJET,voxeljet AG
VKQ,Invesco Municipal Trust
VLRS,"Controladora Vuela Compania de Aviacion, S.A.B. de C.V."
VLT,Invesco High Income Trust II
VMC,Vulcan Materials Company
VMI,"Valmont Industries, Inc."
VMO,Invesco Municipal Opportunity Trust
VMW,"VMware, Inc."
VNE,"Veoneer, Inc."
VNTR,Venator Materials PLC
VOC,VOC Energy Trust
VPG,"Vishay Precision Group, Inc."
VPV,Invesco Pennsylvania Value Municipal Income Trust
VRS,Verso Corporation
VRTV,Veritiv Corporation
VSH,"Vishay Intertechnology, Inc."
VSLR,"Vivint Solar, Inc."
VSTO,Vista Outdoor Inc.
VTA,Invesco Dynamic Credit Opportunities Fund
VTN,Invesco Trust for Investment Grade New York Municipals
VVR,Invesco Senior Income Trust
VVV,Valvoline Inc.
W,Wayfair Inc.
WAAS,AquaVenture Holdings Limited
WAB,Wabtec Corporation
WAL,Western Alliance Bancorporation
WAT,Waters Corporation
WBAI,500.com Limited
WBC,WABCO Holdings Inc.
WBK,Westpac Banking Corporation
WBS,Webster Financial Corporation
WCC,"WESCO International, Inc."
WCN,"Waste Connections, Inc."
WD,"Walker & Dunlop, Inc."
WDR,"Waddell & Reed Financial, Inc."
WEA,Western Asset Premier Bond Fund
WEC,"WEC Energy Group, Inc."
WEI,Weidai Ltd.
WES,"Western Midstream Partners, LP"
WEX,WEX Inc.
WGO,"Winnebago Industries, Inc."
WH,"Wyndham Hotels & Resorts, Inc."
WHD,"Cactus, Inc."
WHG,"Westwood Holdings Group, Inc."
WHR,Whirlpool Corporation
WIA,Western Asset Inflation-Linked Income Fund
WIT,Wipro Limited
WIW,Western Asset Inflation-Linked Opportunities & Income Fund
WK,Workiva Inc.
WLK,Westlake Chemical Corporation
WLKP,Westlake Chemical Partners LP
WMB,"The Williams Companies, Inc."
WMC,Western Asset Mortgage Capital Corporation
WMK,"Weis Markets, Inc."
WMS,"Advanced Drainage Systems, Inc."
WMT,Walmart Inc.
WNC,Wabash National Corporation
WNS,WNS (Holdings) Limited
WOR,"Worthington Industries, Inc."
WORK,"Slack Technologies, Inc."
WOW,"WideOpenWest, Inc."
WPC,W. P. Carey Inc.
WPX,"WPX Energy, Inc."
WRB,W. R. Berkley Corporation
WRE,Washington Real Estate Investment Trust
WRK,WestRock Company
WSM,"Williams-Sonoma, Inc."
WSO,"Watsco, Inc."
WSR,Whitestone REIT
WTI,"W&T Offshore, Inc."
WTR,"Aqua America, Inc."
WTS,"Watts Water Technologies, Inc."
WTTR,"Select Energy Services, Inc."
WU,The Western Union Company
WUBA,58.com Inc.
WWE,"World Wrestling Entertainment, Inc."
WWW,"Wolverine World Wide, Inc."
WY,Weyerhaeuser Company
WYND,"Wyndham Destinations, Inc."
XAN,Exantas Capital Corp.
